excess.base_hop1_excess_tail,excess.base_hop2_excess_tail,excess.fresh_hop1_excess_tail,excess.fresh_hop2_excess_tail,excess.hop1_excess_tail,excess.hop2_excess_tail,final.base_floor_hop1_acc,final.base_floor_hop2_acc,final.base_hop1_acc,final.base_hop1_loss,final.base_hop2_acc,final.base_hop2_loss,final.base_keyslot_mean,final.base_keyslot_top1,final.base_keyslot_top_head,final.base_keyslot_top_layer,final.floor_hop1_acc,final.floor_hop2_acc,final.fresh_floor_hop1_acc,final.fresh_floor_hop2_acc,final.fresh_hop1_acc,final.fresh_hop1_loss,final.fresh_hop2_acc,final.fresh_hop2_loss,final.fresh_keyslot_mean,final.fresh_keyslot_top1,final.fresh_keyslot_top_head,final.fresh_keyslot_top_layer,final.hop1_acc,final.hop1_loss,final.hop2_acc,final.hop2_loss,final.keyslot_mean,final.keyslot_top1,final.keyslot_top_head,final.keyslot_top_layer,final.lr,final.p_dynamic,final.p_multi,final.train_acc,final.train_loss,final_step,intro.base_floor_hop1_acc,intro.base_floor_hop2_acc,intro.base_hop1_acc,intro.base_hop1_loss,intro.base_hop2_acc,intro.base_hop2_loss,intro.base_keyslot_mean,intro.base_keyslot_top1,intro.base_keyslot_top_head,intro.base_keyslot_top_layer,intro.floor_hop1_acc,intro.floor_hop2_acc,intro.fresh_floor_hop1_acc,intro.fresh_floor_hop2_acc,intro.fresh_hop1_acc,intro.fresh_hop1_loss,intro.fresh_hop2_acc,intro.fresh_hop2_loss,intro.fresh_keyslot_mean,intro.fresh_keyslot_top1,intro.fresh_keyslot_top_head,intro.fresh_keyslot_top_layer,intro.hop1_acc,intro.hop1_loss,intro.hop2_acc,intro.hop2_loss,intro.keyslot_mean,intro.keyslot_top1,intro.keyslot_top_head,intro.keyslot_top_layer,intro.lr,intro.p_dynamic,intro.p_multi,intro.step,intro.train_acc,intro.train_loss,meta.condition,meta.extension_label,meta.final_lr,meta.final_step,meta.intro_eval_step,meta.intro_step,meta.lr_at_intro_eval,meta.lr_at_intro_formula,meta.lr_at_t_schedule_eval,meta.lr_at_t_schedule_formula,meta.lr_final_eval,meta.lr_tail_mean,meta.max_steps,meta.peak_lr,meta.post_intro_steps,meta.rewarm_lr,meta.rewarm_step,meta.schedule_kind,meta.seed,meta.steps_after_t_schedule,meta.t_schedule,meta.t_schedule_eval_step,n_eval_rows,run_dir,tail.base_floor_hop1_acc,tail.base_floor_hop2_acc,tail.base_hop1_acc,tail.base_hop2_acc,tail.floor_hop1_acc,tail.floor_hop2_acc,tail.fresh_floor_hop1_acc,tail.fresh_floor_hop2_acc,tail.fresh_hop1_acc,tail.fresh_hop2_acc,tail.hop1_acc,tail.hop2_acc,tail.lr,tail.train_acc,trans.t_base_floor_hop1_acc_ge_0.95,trans.t_base_floor_hop1_acc_ge_0.99,trans.t_base_floor_hop2_acc_ge_0.50,trans.t_base_floor_hop2_acc_ge_0.8,trans.t_base_floor_hop2_acc_ge_0.95,trans.t_base_floor_hop2_acc_ge_0.99,trans.t_base_hop1_acc_ge_0.95,trans.t_base_hop1_acc_ge_0.99,trans.t_base_hop2_acc_ge_0.50,trans.t_base_hop2_acc_ge_0.8,trans.t_base_hop2_acc_ge_0.95,trans.t_base_hop2_acc_ge_0.99,trans.t_base_keyslot_top1_ge_half_max,trans.t_floor_hop1_acc_ge_0.95,trans.t_floor_hop1_acc_ge_0.99,trans.t_floor_hop2_acc_ge_0.50,trans.t_floor_hop2_acc_ge_0.8,trans.t_floor_hop2_acc_ge_0.95,trans.t_floor_hop2_acc_ge_0.99,trans.t_fresh_floor_hop1_acc_ge_0.95,trans.t_fresh_floor_hop1_acc_ge_0.99,trans.t_fresh_floor_hop2_acc_ge_0.50,trans.t_fresh_floor_hop2_acc_ge_0.8,trans.t_fresh_floor_hop2_acc_ge_0.95,trans.t_fresh_floor_hop2_acc_ge_0.99,trans.t_fresh_hop1_acc_ge_0.95,trans.t_fresh_hop1_acc_ge_0.99,trans.t_fresh_hop2_acc_ge_0.50,trans.t_fresh_hop2_acc_ge_0.8,trans.t_fresh_hop2_acc_ge_0.95,trans.t_fresh_hop2_acc_ge_0.99,trans.t_fresh_keyslot_top1_ge_half_max,trans.t_hop1_acc_ge_0.95,trans.t_hop1_acc_ge_0.99,trans.t_hop2_acc_ge_0.50,trans.t_hop2_acc_ge_0.8,trans.t_hop2_acc_ge_0.95,trans.t_hop2_acc_ge_0.99,trans.t_keyslot_top1_ge_half_max,tsched.base_floor_hop1_acc,tsched.base_floor_hop2_acc,tsched.base_hop1_acc,tsched.base_hop1_loss,tsched.base_hop2_acc,tsched.base_hop2_loss,tsched.base_keyslot_mean,tsched.base_keyslot_top1,tsched.base_keyslot_top_head,tsched.base_keyslot_top_layer,tsched.floor_hop1_acc,tsched.floor_hop2_acc,tsched.fresh_floor_hop1_acc,tsched.fresh_floor_hop2_acc,tsched.fresh_hop1_acc,tsched.fresh_hop1_loss,tsched.fresh_hop2_acc,tsched.fresh_hop2_loss,tsched.fresh_keyslot_mean,tsched.fresh_keyslot_top1,tsched.fresh_keyslot_top_head,tsched.fresh_keyslot_top_layer,tsched.hop1_acc,tsched.hop1_loss,tsched.hop2_acc,tsched.hop2_loss,tsched.keyslot_mean,tsched.keyslot_top1,tsched.keyslot_top_head,tsched.keyslot_top_layer,tsched.lr,tsched.p_dynamic,tsched.p_multi,tsched.step,tsched.train_acc,tsched.train_loss
0.8277070643538136,0.0,0.8604674258474576,0.0,0.8608150158898304,0.0,0.1240234375,0.1240234375,0.9599609375,0.11229975800961256,0.0,29.001370191574097,0.013302057981491089,0.049565404653549194,3.0,2.0,0.15185546875,0.14453125,0.150390625,0.14404296875,1.0,3.253807867587e-08,0.0,20.470785975456238,0.008241012692451477,0.04788762331008911,3.0,2.0,1.0,3.111199120553465e-08,0.0,20.47459077835083,0.008260028436779976,0.048069268465042114,3.0,2.0,5.707931487087708e-06,1.0,0.0,1.0,2.9802318834981634e-08,29499,0.126953125,0.15673828125,1.0,2.6586304713305253e-07,0.0,21.095332145690918,0.018133029341697693,0.04506691172719002,2.0,2.0,0.0,0.0,0.0,0.0,0.0,5.958056956529617,0.0,5.970677882432938,0.016557995229959488,0.048807740211486816,2.0,2.0,0.0,5.957973927259445,0.0,5.970757901668549,0.016550514847040176,0.04874138906598091,2.0,2.0,0.0004628064124873411,1.0,0.0,16000,0.0,12.329279899597168,fresh_singlehop_late_seed3,cosine_pre_horizon,5e-06,29499,16000,16000,0.0004628064124873411,0.0004628064124873411,5.707931487087708e-06,5e-06,5.707931487087708e-06,1.7687683232546238e-05,29500,0.001,13500,,,warmup_cosine,3,0,30000,29499,591,runs/behavioral_replication_v0_9/s3/fresh_hop1_s1/fresh_singlehop_late_seed3,0.13109110169491525,0.1303131620762712,0.9587981660487288,0.0,0.1391849841101695,0.13890360169491525,0.13953257415254236,0.1400787870762712,1.0,0.0,1.0,0.0,1.7687683232546238e-05,1.0,,,,,,,1050,1050,,,,,250,,,,,,,,,,,,,16250,16250,,,,,300,1050,1050,,,,,250,0.1240234375,0.1240234375,0.9599609375,0.11229975800961256,0.0,29.001370191574097,0.013302057981491089,0.049565404653549194,3.0,2.0,0.15185546875,0.14453125,0.150390625,0.14404296875,1.0,3.253807867587e-08,0.0,20.470785975456238,0.008241012692451477,0.04788762331008911,3.0,2.0,1.0,3.111199120553465e-08,0.0,20.47459077835083,0.008260028436779976,0.048069268465042114,3.0,2.0,5.707931487087708e-06,1.0,0.0,29499,1.0,2.9802318834981634e-08
,,,,0.86224365234375,0.8627149793836806,,,,,,,,,,,0.142578125,0.1376953125,,,,,,,,,,,1.0,0.0003092288240509333,0.998779296875,0.015464635258467752,0.016948573291301727,0.06695835292339325,1.0,3.0,0.001,1.0,0.5,1.0,6.4035841205623e-05,35999,,,,,,,,,,,0.1474609375,0.1357421875,,,,,,,,,,,1.0,8.086493383174798e-05,0.0,28.521823406219482,0.027788899838924408,0.04748789593577385,0.0,2.0,0.001,1.0,0.5,16000,0.5234375,14.014046669006348,late_gate_post_seed3,cosine_history_then_high_lr_rewarm,5e-06,35999,16000,16000,0.001,0.001,0.001,0.001,0.001,0.0010000000000000007,36000,0.001,20000,0.001,16000,warmup_cosine_then_rewarm_constant,3,6000,30000,30000,721,runs/behavioral_replication_v0_9/s3/rewarm_late/late_gate_post_seed3,,,,,0.13746473524305555,0.1361762152777778,,,,,0.9997083875868056,0.9988911946614584,0.0010000000000000007,0.99951171875,,,,,,,,,,,,,,,,,,,,,,,,,,,,,,,,,2000,2150,28350,28400,28450,28650,300,,,,,,,,,,,0.1337890625,0.1416015625,,,,,,,,,,,0.998046875,0.010924050999165047,0.99169921875,0.07651739874563646,0.01562083326280117,0.09951626509428024,1.0,3.0,0.001,1.0,0.5,30000,0.9921875,0.10004578530788422
,,,,0.862881130642361,0.863006591796875,,,,,,,,,,,0.13916015625,0.12939453125,,,,,,,,,,,1.0,7.065487864110764e-05,0.998291015625,0.013779507122308132,0.011508672498166561,0.06607158482074738,1.0,3.0,0.001,1.0,0.5,1.0,6.288306030910462e-05,35999,,,,,,,,,,,0.146484375,0.13525390625,,,,,,,,,,,0.99951171875,0.0017633552366760341,0.0,27.025851726531982,0.02759302593767643,0.048017941415309906,0.0,2.0,0.001,1.0,0.5,16000,0.5234375,14.014046669006348,late_gate_post_seed3,cosine_history_then_high_lr_rewarm,5e-06,35999,16000,16000,0.001,0.001,0.001,0.001,0.001,0.0010000000000000007,36000,0.001,20000,0.001,16000,warmup_cosine_then_rewarm_constant_reset_optim,3,6000,30000,30000,721,runs/behavioral_replication_v0_9/s3/rewarm_reset_late/late_gate_post_seed3,,,,,0.13680013020833334,0.13591172960069445,,,,,0.9996812608506944,0.9989183213975694,0.0010000000000000007,0.9990776909722222,,,,,,,,,,,,,,,,,,,,,,,,,,,,,,,,,2000,2150,23950,23950,24000,24100,300,,,,,,,,,,,0.1357421875,0.13818359375,,,,,,,,,,,0.99951171875,0.0012278890515062812,0.998291015625,0.006747438723323285,0.011010276153683662,0.03737251088023186,3.0,3.0,0.001,1.0,0.5,30000,0.99609375,0.0028782666195183992
,,,,0.860161215572034,0.024240267478813554,,,,,,,,,,,0.140625,0.14990234375,,,,,,,,,,,1.0,0.00018208057144875056,0.169677734375,2.4107214361429214,0.042284660041332245,0.10385183244943619,3.0,0.0,5.707931487087708e-06,1.0,0.5,0.58203125,1.1722891330718994,29499,,,,,,,,,,,0.1474609375,0.1357421875,,,,,,,,,,,1.0,1.535195915991494e-05,0.0,29.064861536026,0.027859855443239212,0.04726255685091019,0.0,2.0,0.0004628064124873411,1.0,0.5,16000,0.5234375,14.014046669006348,late_gate_post_seed3,cosine_pre_horizon,5e-06,29499,16000,16000,0.0004628064124873411,0.0004628064124873411,5.707931487087708e-06,5e-06,5.707931487087708e-06,1.7687683232546238e-05,29500,0.001,13500,,,warmup_cosine,3,0,30000,29499,591,runs/behavioral_replication_v0_9/s3/s1_late_original/late_gate_post_seed3,,,,,0.13944981461864406,0.14272709216101695,,,,,0.999611030190678,0.1669673596398305,1.7687683232546238e-05,0.578853283898305,,,,,,,,,,,,,,,,,,,,,,,,,,,,,,,,,2000,2150,,,,,300,,,,,,,,,,,0.140625,0.14990234375,,,,,,,,,,,1.0,0.00018208057144875056,0.169677734375,2.4107214361429214,0.042284660041332245,0.10385183244943619,3.0,0.0,5.707931487087708e-06,1.0,0.5,29499,0.58203125,1.1722891330718994
,,,,0.8606703016493056,0.028245713975694448,,,,,,,,,,,0.14501953125,0.15966796875,,,,,,,,,,,0.99951171875,0.0017997020613620407,0.17529296875,2.1097301989793777,0.03585583344101906,0.10717745870351791,1.0,0.0,5.000001948077038e-06,1.0,0.5,0.58984375,1.0387306213378906,35999,,,,,,,,,,,0.14111328125,0.1376953125,,,,,,,,,,,1.0,8.866417772424029e-06,0.0,26.50150752067566,0.02597072720527649,0.043622247874736786,1.0,2.0,0.0006009064556902949,1.0,0.5,16000,0.5234375,13.021912574768066,late_gate_post_seed3,cosine_full_horizon,5e-06,35999,16000,16000,0.0006009064556902949,0.0006009064556902949,5.000001948077038e-06,5e-06,5.000001948077038e-06,1.320003705578538e-05,36000,0.001,20000,,,warmup_cosine,3,0,36000,35999,721,runs/behavioral_replication_v0_9/s3/s1_longcos_late/late_gate_post_seed3,,,,,0.1390448676215278,0.14283582899305555,,,,,0.9997151692708334,0.17108154296875,1.320003705578538e-05,0.58447265625,,,,,,,,,,,,,,,,,,,,,,,,,,,,,,,,,2000,2200,,,,,300,,,,,,,,,,,0.14501953125,0.15966796875,,,,,,,,,,,0.99951171875,0.0017997020613620407,0.17529296875,2.1097301989793777,0.03585583344101906,0.10717745870351791,1.0,0.0,5.000001948077038e-06,1.0,0.5,35999,0.58984375,1.0387306213378906
,,,,0.8603549533420138,0.025797526041666657,,,,,,,,,,,0.14013671875,0.13916015625,,,,,,,,,,,0.99853515625,0.0032966645867418265,0.159912109375,2.404655769467354,0.041318003088235855,0.10007897764444351,3.0,0.0,5e-06,1.0,0.5,0.61328125,1.0708260536193848,35999,,,,,,,,,,,0.1474609375,0.1357421875,,,,,,,,,,,1.0,1.535195915991494e-05,0.0,29.064861536026,0.027859855443239212,0.04726255685091019,0.0,2.0,0.0004628064124873411,1.0,0.5,16000,0.5234375,14.014046669006348,late_gate_post_seed3,cosine_final_lr_plateau_extension,5e-06,35999,16000,16000,0.0004628064124873411,0.0004628064124873411,5e-06,5e-06,5e-06,5.000000000000009e-06,36000,0.001,20000,,,warmup_cosine,3,6000,30000,30000,721,runs/behavioral_replication_v0_9/s3/s1_plateau_late/late_gate_post_seed3,,,,,0.1392550998263889,0.14277479383680555,,,,,0.9996100531684028,0.1685723198784722,5.000000000000009e-06,0.5832790798611112,,,,,,,,,,,,,,,,,,,,,,,,,,,,,,,,,2000,2150,,,,,300,,,,,,,,,,,0.12939453125,0.15087890625,,,,,,,,,,,0.999267578125,0.0013820564605566688,0.16943359375,2.4030271619558334,0.041516903787851334,0.1008753702044487,3.0,0.0,5e-06,1.0,0.5,30000,0.57421875,1.2162775993347168
,,,,0.8619384765625,0.8642103407118056,,,,,,,,,,,0.1396484375,0.138671875,,,,,,,,,,,1.0,6.039205231900269e-05,0.99951171875,0.006608424109799671,0.031255707144737244,0.08142336457967758,2.0,2.0,0.001,1.0,0.5,0.99609375,0.02416221797466278,35999,,,,,,,,,,,0.1435546875,0.134765625,,,,,,,,,,,0.999755859375,0.0021076728261846256,0.0,23.93478775024414,0.024510899558663368,0.04283273592591286,3.0,2.0,0.001,1.0,0.5,16000,0.5234375,11.948149681091309,late_gate_post_seed3,constant_high_lr,5e-06,35999,16000,16000,0.001,0.001,0.001,0.001,0.001,0.0010000000000000007,36000,0.001,20000,,,warmup_constant,3,6000,30000,30000,721,runs/behavioral_replication_v0_9/s3/s2_constant_late/late_gate_post_seed3,,,,,0.1377902560763889,0.13462320963541666,,,,,0.9997287326388888,0.9988335503472222,0.0010000000000000007,0.9990234375,,,,,,,,,,,,,,,,,,,,,,,,,,,,,,,,,2000,2050,23050,23100,23150,23350,300,,,,,,,,,,,0.13330078125,0.140625,,,,,,,,,,,1.0,9.27517198761052e-05,1.0,0.0002362838611134066,0.03455733507871628,0.0839536264538765,1.0,2.0,0.001,1.0,0.5,30000,1.0,7.33087508706376e-05
0.8111096398305084,0.0,0.8601281117584746,0.0,0.8599377648305084,0.0,0.123046875,0.1328125,0.946533203125,1.0275028012692928,0.00341796875,46.7798011302948,0.019316842779517174,0.04509776830673218,1.0,2.0,0.14111328125,0.1513671875,0.134765625,0.13623046875,1.0,2.9453072647456224e-08,0.0,20.436506986618042,0.01153104193508625,0.03341859579086304,0.0,3.0,1.0,2.9453072647456224e-08,0.0,20.42375385761261,0.011516773141920567,0.03334503993391991,0.0,3.0,5.707931487087708e-06,1.0,0.0,1.0,3.306194784613581e-08,29499,0.146484375,0.12744140625,1.0,8.28294872690094e-08,0.0,20.934420466423035,0.02002621814608574,0.04189052805304527,1.0,3.0,0.0,0.0,0.0,0.0,0.0,8.552119433879852,0.0,8.539182126522064,0.019814955070614815,0.04715345799922943,3.0,2.0,0.0,8.557662904262543,0.0,8.546277105808258,0.0194984320551157,0.04553966224193573,3.0,2.0,0.0004628064124873411,1.0,0.0,16000,0.0,10.077966690063477,fresh_singlehop_late_seed4,cosine_pre_horizon,5e-06,29499,16000,16000,0.0004628064124873411,0.0004628064124873411,5.707931487087708e-06,5e-06,5.707931487087708e-06,1.7687683232546238e-05,29500,0.001,13500,,,warmup_cosine,4,0,30000,29499,591,runs/behavioral_replication_v0_9/s4/fresh_hop1_s1/fresh_singlehop_late_seed4,0.1346249337923729,0.13222490730932204,0.9457345736228814,0.005838685116525424,0.14006223516949154,0.1408650026483051,0.1398718882415254,0.13904429290254236,1.0,0.0,1.0,0.0,1.7687683232546238e-05,1.0,,,,,,,1250,1250,,,,,300,,,,,,,,,,,,,16300,16300,,,,,300,1250,1250,,,,,300,0.123046875,0.1328125,0.946533203125,1.0275028012692928,0.00341796875,46.7798011302948,0.019316842779517174,0.04509776830673218,1.0,2.0,0.14111328125,0.1513671875,0.134765625,0.13623046875,1.0,2.9453072647456224e-08,0.0,20.436506986618042,0.01153104193508625,0.03341859579086304,0.0,3.0,1.0,2.9453072647456224e-08,0.0,20.42375385761261,0.011516773141920567,0.03334503993391991,0.0,3.0,5.707931487087708e-06,1.0,0.0,29499,1.0,3.306194784613581e-08
,,,,0.8597005208333334,0.8650580512152778,,,,,,,,,,,0.13134765625,0.13916015625,,,,,,,,,,,1.0,3.161704631793327e-05,0.999267578125,0.005825966070005961,0.03109665960073471,0.11299581080675125,2.0,2.0,0.001,1.0,0.5,1.0,0.00024175934959203005,35999,,,,,,,,,,,0.14599609375,0.142578125,,,,,,,,,,,1.0,4.86023210122255e-07,0.0,29.369513273239136,0.0263223797082901,0.04347992688417435,0.0,3.0,0.001,1.0,0.5,16000,0.4921875,15.444040298461914,late_gate_post_seed4,cosine_history_then_high_lr_rewarm,5e-06,35999,16000,16000,0.001,0.001,0.001,0.001,0.001,0.0010000000000000007,36000,0.001,20000,0.001,16000,warmup_cosine_then_rewarm_constant,4,6000,30000,30000,721,runs/behavioral_replication_v0_9/s4/rewarm_late/late_gate_post_seed4,,,,,0.1398993598090278,0.13389756944444445,,,,,0.9995998806423612,0.9989556206597222,0.0010000000000000007,0.99951171875,,,,,,,,,,,,,,,,,,,,,,,,,,,,,,,,,2000,2050,29200,29200,29200,29250,29150,,,,,,,,,,,0.1533203125,0.13818359375,,,,,,,,,,,0.99951171875,0.0021454514853758155,0.99951171875,0.002124863756762352,0.0414348766207695,0.16342230141162872,2.0,2.0,0.001,1.0,0.5,30000,0.99609375,0.006880723871290684
,,,,0.8602193196614584,0.86419677734375,,,,,,,,,,,0.12646484375,0.14404296875,,,,,,,,,,,0.999267578125,0.002499715033962957,0.998046875,0.026627065827597107,0.026723366230726242,0.0609494186937809,1.0,3.0,0.001,1.0,0.5,1.0,4.739017822430469e-05,35999,,,,,,,,,,,0.1455078125,0.14306640625,,,,,,,,,,,1.0,3.2530817719589322e-06,0.0,28.146700501441956,0.026002880185842514,0.043282829225063324,0.0,3.0,0.001,1.0,0.5,16000,0.4921875,15.444040298461914,late_gate_post_seed4,cosine_history_then_high_lr_rewarm,5e-06,35999,16000,16000,0.001,0.001,0.001,0.001,0.001,0.0010000000000000007,36000,0.001,20000,0.001,16000,warmup_cosine_then_rewarm_constant_reset_optim,4,6000,30000,30000,721,runs/behavioral_replication_v0_9/s4/rewarm_reset_late/late_gate_post_seed4,,,,,0.1394721137152778,0.13471815321180555,,,,,0.9996914333767362,0.9989149305555556,0.0010000000000000007,0.9993489583333334,,,,,,,,,,,,,,,,,,,,,,,,,,,,,,,,,2000,2050,26100,26150,26200,26250,300,,,,,,,,,,,0.154296875,0.13916015625,,,,,,,,,,,0.996337890625,0.030488101901255504,0.99755859375,0.025745638351509115,0.0333092138171196,0.08696911484003067,2.0,2.0,0.001,1.0,0.5,30000,1.0,0.002684734296053648
,,,,0.8579970537605932,0.02124851032838984,,,,,,,,,,,0.14208984375,0.13134765625,,,,,,,,,,,0.999755859375,0.0014998458664194914,0.171630859375,2.338457629084587,0.02004925347864628,0.05774719640612602,0.0,2.0,5.707931487087708e-06,1.0,0.5,0.609375,1.0865697860717773,29499,,,,,,,,,,,0.14599609375,0.14306640625,,,,,,,,,,,1.0,2.577409796700181e-07,0.0,29.872810125350952,0.026463665068149567,0.04357041418552399,0.0,3.0,0.0004628064124873411,1.0,0.5,16000,0.4921875,15.444040298461914,late_gate_post_seed4,cosine_pre_horizon,5e-06,29499,16000,16000,0.0004628064124873411,0.0004628064124873411,5.707931487087708e-06,5e-06,5.707931487087708e-06,1.7687683232546238e-05,29500,0.001,13500,,,warmup_cosine,4,0,30000,29499,591,runs/behavioral_replication_v0_9/s4/s1_late_original/late_gate_post_seed4,,,,,0.1419326006355932,0.14102224576271186,,,,,0.9999296543961864,0.1622707560911017,1.7687683232546238e-05,0.5814353813559322,,,,,,,,,,,,,,,,,,,,,,,,,,,,,,,,,2000,2050,,,,,300,,,,,,,,,,,0.14208984375,0.13134765625,,,,,,,,,,,0.999755859375,0.0014998458664194914,0.171630859375,2.338457629084587,0.02004925347864628,0.05774719640612602,0.0,2.0,5.707931487087708e-06,1.0,0.5,29499,0.609375,1.0865697860717773
,,,,0.8596564398871528,0.8619045681423612,,,,,,,,,,,0.12353515625,0.14453125,,,,,,,,,,,1.0,3.3910637398548715e-05,0.999267578125,0.00214156346009986,0.0272708460688591,0.09611634910106659,1.0,0.0,5.000001948077038e-06,1.0,0.5,1.0,0.0001828888343879953,35999,,,,,,,,,,,0.14599609375,0.14892578125,,,,,,,,,,,1.0,3.071591898162751e-06,0.0,27.505200028419495,0.029228657484054565,0.04694436863064766,1.0,3.0,0.0006009064556902949,1.0,0.5,16000,0.4921875,14.857341766357422,late_gate_post_seed4,cosine_full_horizon,5e-06,35999,16000,16000,0.0006009064556902949,0.0006009064556902949,5.000001948077038e-06,5e-06,5.000001948077038e-06,1.320003705578538e-05,36000,0.001,20000,,,warmup_cosine,4,0,36000,35999,721,runs/behavioral_replication_v0_9/s4/s1_longcos_late/late_gate_post_seed4,,,,,0.1403266059027778,0.1366509331597222,,,,,0.9999830457899306,0.9985555013020834,1.320003705578538e-05,0.9995659722222222,,,,,,,,,,,,,,,,,,,,,,,,,,,,,,,,,2000,2150,21750,27750,28500,30000,20950,,,,,,,,,,,0.12353515625,0.14453125,,,,,,,,,,,1.0,3.3910637398548715e-05,0.999267578125,0.00214156346009986,0.0272708460688591,0.09611634910106659,1.0,0.0,5.000001948077038e-06,1.0,0.5,35999,1.0,0.0001828888343879953
,,,,0.8591749403211806,0.019382052951388895,,,,,,,,,,,0.1259765625,0.1357421875,,,,,,,,,,,1.0,0.0006372218776959926,0.166015625,2.3444044291973114,0.02047204039990902,0.05653717368841171,1.0,0.0,5e-06,1.0,0.5,0.54296875,1.2770484685897827,35999,,,,,,,,,,,0.14599609375,0.14306640625,,,,,,,,,,,1.0,2.577409796700181e-07,0.0,29.872810125350952,0.026463665068149567,0.04357041418552399,0.0,3.0,0.0004628064124873411,1.0,0.5,16000,0.4921875,15.444040298461914,late_gate_post_seed4,cosine_final_lr_plateau_extension,5e-06,35999,16000,16000,0.0004628064124873411,0.0004628064124873411,5e-06,5e-06,5e-06,5.000000000000009e-06,36000,0.001,20000,,,warmup_cosine,4,6000,30000,30000,721,runs/behavioral_replication_v0_9/s4/s1_plateau_late/late_gate_post_seed4,,,,,0.1407470703125,0.14317491319444445,,,,,0.9999220106336806,0.16255696614583334,5.000000000000009e-06,0.5750325520833334,,,,,,,,,,,,,,,,,,,,,,,,,,,,,,,,,2000,2050,,,,,300,,,,,,,,,,,0.1494140625,0.13134765625,,,,,,,,,,,1.0,0.0007653466345800553,0.162109375,2.344560205936432,0.019927674904465675,0.05812005698680878,0.0,2.0,5e-06,1.0,0.5,30000,0.62890625,1.0685888528823853
,,,,0.860049777560764,0.8650682237413194,,,,,,,,,,,0.1240234375,0.138671875,,,,,,,,,,,1.0,9.951569751365241e-06,1.0,6.470180721862562e-05,0.031965866684913635,0.08457589894533157,0.0,3.0,0.001,1.0,0.5,1.0,0.0005061762640252709,35999,,,,,,,,,,,0.14501953125,0.1455078125,,,,,,,,,,,1.0,0.0002471238070143045,0.0,25.97243368625641,0.027656912803649902,0.0442061647772789,0.0,3.0,0.001,1.0,0.5,16000,0.4921875,14.349442481994629,late_gate_post_seed4,constant_high_lr,5e-06,35999,16000,16000,0.001,0.001,0.001,0.001,0.001,0.0010000000000000007,36000,0.001,20000,,,warmup_constant,4,6000,30000,30000,721,runs/behavioral_replication_v0_9/s4/s2_constant_late/late_gate_post_seed4,,,,,0.13957383897569445,0.1341010199652778,,,,,0.9996236165364584,0.9991692437065972,0.0010000000000000007,0.9994574652777778,,,,,,,,,,,,,,,,,,,,,,,,,,,,,,,,,2000,2100,22600,22650,22700,22750,300,,,,,,,,,,,0.1513671875,0.140625,,,,,,,,,,,0.999755859375,0.0005854683145116724,0.99853515625,0.015939710539896623,0.03726965934038162,0.10339535772800446,0.0,3.0,0.001,1.0,0.5,30000,1.0,0.0030332854948937893
0.3528576867055085,0.0,0.8604177701271186,0.0,0.8595156912076272,0.0,0.05322265625,0.0478515625,0.41015625,8.105763524770737,0.005859375,41.31242275238037,0.03482929244637489,0.06003621220588684,1.0,1.0,0.13232421875,0.1552734375,0.1328125,0.14501953125,1.0,2.9365761378130628e-08,0.0,20.282908082008362,0.027250906452536583,0.0697118267416954,1.0,1.0,1.0,2.849264657545092e-08,0.0,20.30756163597107,0.027380816638469696,0.07322800159454346,1.0,1.0,5.707931487087708e-06,1.0,0.0,1.0,3.306194784613581e-08,29499,0.13720703125,0.1455078125,1.0,9.196809003242379e-08,0.0,20.974854946136475,0.038010843098163605,0.07456129789352417,1.0,1.0,0.0,0.0,0.0,0.0,0.0,6.719943642616272,0.0,6.702305942773819,0.025719862431287766,0.06051028147339821,3.0,2.0,0.0,6.73261222243309,0.0,6.7148145735263824,0.02603001520037651,0.060284242033958435,3.0,2.0,0.0004628064124873411,1.0,0.0,16000,0.0,7.713778495788574,fresh_singlehop_late_seed5,cosine_pre_horizon,5e-06,29499,16000,16000,0.0004628064124873411,0.0004628064124873411,5.707931487087708e-06,5e-06,5.707931487087708e-06,1.7687683232546238e-05,29500,0.001,13500,,,warmup_cosine,5,0,30000,29499,591,runs/behavioral_replication_v0_9/s5/fresh_hop1_s1/fresh_singlehop_late_seed5,0.058626853813559324,0.057476496292372885,0.4114845405190678,0.004017975370762712,0.1404843087923729,0.14141949152542374,0.13958222987288135,0.1397808527542373,1.0,0.0,1.0,0.0,1.7687683232546238e-05,1.0,,,,,,,950,950,,,,,300,,,,,,,,,,,,,16250,16250,,,,,300,950,950,,,,,300,0.05322265625,0.0478515625,0.41015625,8.105763524770737,0.005859375,41.31242275238037,0.03482929244637489,0.06003621220588684,1.0,1.0,0.13232421875,0.1552734375,0.1328125,0.14501953125,1.0,2.9365761378130628e-08,0.0,20.282908082008362,0.027250906452536583,0.0697118267416954,1.0,1.0,1.0,2.849264657545092e-08,0.0,20.30756163597107,0.027380816638469696,0.07322800159454346,1.0,1.0,5.707931487087708e-06,1.0,0.0,29499,1.0,3.306194784613581e-08
,,,,0.8715955946180556,0.8570387098524306,,,,,,,,,,,0.13232421875,0.1357421875,,,,,,,,,,,1.0,0.00012019934433737944,0.99609375,0.01790743377932813,0.03908735513687134,0.1436363309621811,3.0,1.0,0.001,1.0,0.5,1.0,0.0005358704947866499,35999,,,,,,,,,,,0.1298828125,0.1455078125,,,,,,,,,,,1.0,3.1582676287555955e-06,0.0,27.05481708049774,0.062417417764663696,0.14397238194942474,0.0,1.0,0.001,1.0,0.5,16000,0.46875,15.38621997833252,late_gate_post_seed5,cosine_history_then_high_lr_rewarm,5e-06,35999,16000,16000,0.001,0.001,0.001,0.001,0.001,0.0010000000000000007,36000,0.001,20000,0.001,16000,warmup_cosine_then_rewarm_constant,5,6000,30000,30000,721,runs/behavioral_replication_v0_9/s5/rewarm_late/late_gate_post_seed5,,,,,0.12818739149305555,0.1379123263888889,,,,,0.9997829861111112,0.9949510362413194,0.0010000000000000007,0.9977213541666666,,,,,,,,,,,,,,,,,,,,,,,,,,,,,,,,,1200,1300,28050,29700,31500,32500,550,,,,,,,,,,,0.134765625,0.1396484375,,,,,,,,,,,0.99951171875,0.005883494033696479,0.80078125,0.5067276749759912,0.07400983572006226,0.1538417637348175,2.0,1.0,0.001,1.0,0.5,30000,0.90234375,0.2829917073249817
,,,,0.8680521647135416,0.8637220594618056,,,,,,,,,,,0.1328125,0.13427734375,,,,,,,,,,,0.9990234375,0.0035536718287403346,0.9970703125,0.014333618064483744,0.1361127495765686,0.21639719605445862,3.0,2.0,0.001,1.0,0.5,1.0,0.0012612126301974058,35999,,,,,,,,,,,0.13134765625,0.14697265625,,,,,,,,,,,0.99951171875,0.0006290699004480871,0.0,25.323453187942505,0.06205373257398605,0.14391838014125824,3.0,1.0,0.001,1.0,0.5,16000,0.46875,15.38621997833252,late_gate_post_seed5,cosine_history_then_high_lr_rewarm,5e-06,35999,16000,16000,0.001,0.001,0.001,0.001,0.001,0.0010000000000000007,36000,0.001,20000,0.001,16000,warmup_cosine_then_rewarm_constant_reset_optim,5,6000,30000,30000,721,runs/behavioral_replication_v0_9/s5/rewarm_reset_late/late_gate_post_seed5,,,,,0.13167317708333334,0.1343315972222222,,,,,0.999725341796875,0.9980536566840278,0.0010000000000000007,0.9990776909722222,,,,,,,,,,,,,,,,,,,,,,,,,,,,,,,,,1200,1300,27550,27850,27950,28350,27450,,,,,,,,,,,0.13427734375,0.1279296875,,,,,,,,,,,0.99658203125,0.03707229917904442,0.9970703125,0.019912734649551567,0.1147855669260025,0.174626424908638,2.0,3.0,0.001,1.0,0.5,30000,1.0,0.0007992418832145631
,,,,0.8593584480932204,0.029727224576271166,,,,,,,,,,,0.15478515625,0.1435546875,,,,,,,,,,,1.0,4.451359915336184e-06,0.173828125,2.1766339391469955,0.06304770708084106,0.14076200127601624,3.0,1.0,5.707931487087708e-06,1.0,0.5,0.59765625,1.065001130104065,29499,,,,,,,,,,,0.12939453125,0.14453125,,,,,,,,,,,1.0,1.0313416853868773e-06,0.0,27.762171506881714,0.06256885826587677,0.14398697018623352,0.0,1.0,0.0004628064124873411,1.0,0.5,16000,0.46875,15.38621997833252,late_gate_post_seed5,cosine_pre_horizon,5e-06,29499,16000,16000,0.0004628064124873411,0.0004628064124873411,5.707931487087708e-06,5e-06,5.707931487087708e-06,1.7687683232546238e-05,29500,0.001,13500,,,warmup_cosine,5,0,30000,29499,591,runs/behavioral_replication_v0_9/s5/s1_late_original/late_gate_post_seed5,,,,,0.1405422404661017,0.1434967558262712,,,,,0.999900688559322,0.17322398040254236,1.7687683232546238e-05,0.5850768008474576,,,,,,,,,,,,,,,,,,,,,,,,,,,,,,,,,1200,1300,,,,,300,,,,,,,,,,,0.15478515625,0.1435546875,,,,,,,,,,,1.0,4.451359915336184e-06,0.173828125,2.1766339391469955,0.06304770708084106,0.14076200127601624,3.0,1.0,5.707931487087708e-06,1.0,0.5,29499,0.59765625,1.065001130104065
,,,,0.8601515028211806,0.0635952419704861,,,,,,,,,,,0.1416015625,0.14892578125,,,,,,,,,,,1.0,6.942340917248657e-05,0.2109375,1.9102707728743553,0.03333335742354393,0.06784066557884216,1.0,2.0,5.000001948077038e-06,1.0,0.5,0.6171875,0.903661847114563,35999,,,,,,,,,,,0.1259765625,0.1416015625,,,,,,,,,,,1.0,2.444715048455226e-09,0.0,31.132312893867493,0.02941940352320671,0.04747506603598595,0.0,3.0,0.0006009064556902949,1.0,0.5,16000,0.46875,16.783002853393555,late_gate_post_seed5,cosine_full_horizon,5e-06,35999,16000,16000,0.0006009064556902949,0.0006009064556902949,5.000001948077038e-06,5e-06,5.000001948077038e-06,1.320003705578538e-05,36000,0.001,20000,,,warmup_cosine,5,0,36000,35999,721,runs/behavioral_replication_v0_9/s5/s1_longcos_late/late_gate_post_seed5,,,,,0.13983154296875,0.14246961805555555,,,,,0.9999830457899306,0.20606486002604166,1.320003705578538e-05,0.6062825520833334,,,,,,,,,,,,,,,,,,,,,,,,,,,,,,,,,1200,1250,,,,,250,,,,,,,,,,,0.1416015625,0.14892578125,,,,,,,,,,,1.0,6.942340917248657e-05,0.2109375,1.9102707728743553,0.03333335742354393,0.06784066557884216,1.0,2.0,5.000001948077038e-06,1.0,0.5,35999,0.6171875,0.903661847114563
,,,,0.8602973090277778,0.03214857313368055,,,,,,,,,,,0.14306640625,0.13671875,,,,,,,,,,,1.0,6.929463630456212e-06,0.17041015625,2.1705292314291,0.06382840871810913,0.14336051046848297,0.0,1.0,5e-06,1.0,0.5,0.625,0.9673386812210083,35999,,,,,,,,,,,0.12939453125,0.14453125,,,,,,,,,,,1.0,1.0313416853868773e-06,0.0,27.762171506881714,0.06256885826587677,0.14398697018623352,0.0,1.0,0.0004628064124873411,1.0,0.5,16000,0.46875,15.38621997833252,late_gate_post_seed5,cosine_final_lr_plateau_extension,5e-06,35999,16000,16000,0.0004628064124873411,0.0004628064124873411,5e-06,5e-06,5e-06,5.000000000000009e-06,36000,0.001,20000,,,warmup_cosine,5,6000,30000,30000,721,runs/behavioral_replication_v0_9/s5/s1_plateau_late/late_gate_post_seed5,,,,,0.1396416558159722,0.14215087890625,,,,,0.99993896484375,0.17429945203993055,5.000000000000009e-06,0.5897894965277778,,,,,,,,,,,,,,,,,,,,,,,,,,,,,,,,,1200,1300,,,,,300,,,,,,,,,,,0.14111328125,0.1259765625,,,,,,,,,,,1.0,3.956488486167586e-06,0.17578125,2.1900530755519867,0.06648234277963638,0.1539412885904312,0.0,1.0,5e-06,1.0,0.5,30000,0.58984375,1.0605437755584717
,,,,0.8592597113715278,0.018422444661458343,,,,,,,,,,,0.1376953125,0.14208984375,,,,,,,,,,,0.99951171875,0.0009177528318105033,0.169677734375,1.9517773985862732,0.05660521239042282,0.14114277064800262,3.0,1.0,0.001,1.0,0.5,0.625,0.9202072024345398,35999,,,,,,,,,,,0.13134765625,0.1435546875,,,,,,,,,,,0.99951171875,0.001093432773643599,0.0,29.993813633918762,0.06071971356868744,0.1440361887216568,3.0,1.0,0.001,1.0,0.5,16000,0.47265625,16.710063934326172,late_gate_post_seed5,constant_high_lr,5e-06,35999,16000,16000,0.001,0.001,0.001,0.001,0.001,0.0010000000000000007,36000,0.001,20000,,,warmup_constant,5,6000,30000,30000,721,runs/behavioral_replication_v0_9/s5/s2_constant_late/late_gate_post_seed5,,,,,0.14024522569444445,0.14301893446180555,,,,,0.9995049370659722,0.1614413791232639,0.0010000000000000007,0.5802951388888888,,,,,,,,,,,,,,,,,,,,,,,,,,,,,,,,,1200,1400,,,,,300,,,,,,,,,,,0.1416015625,0.1337890625,,,,,,,,,,,0.999267578125,0.0020208548521623015,0.1650390625,2.0334038734436035,0.059632398188114166,0.15339121222496033,0.0,1.0,0.001,1.0,0.5,30000,0.59765625,0.9839758276939392
0.8353043895656779,0.0,0.860790188029661,0.0,0.8567101430084746,0.0,0.134765625,0.134765625,0.968017578125,0.07794473983813077,0.0,37.181591749191284,0.0173338633030653,0.05253104120492935,1.0,2.0,0.15478515625,0.13818359375,0.13818359375,0.14501953125,1.0,4.2055029236820474e-08,0.0,21.8417387008667,0.013321388512849808,0.05074279010295868,1.0,2.0,1.0,4.077446069672419e-08,0.0,21.870998859405518,0.01333034411072731,0.051096465438604355,1.0,2.0,5.707931487087708e-06,1.0,0.0,1.0,3.818421845380726e-08,29499,0.1474609375,0.12890625,1.0,2.367304912098689e-07,0.0,21.639583110809326,0.02711186371743679,0.05208082124590874,2.0,3.0,0.0,0.0,0.0,0.0,0.0,6.162922650575638,0.0,6.160546272993088,0.036371007561683655,0.10586182028055191,2.0,0.0,0.0,6.164233684539795,0.0,6.157178580760956,0.03611037880182266,0.10447154194116592,2.0,0.0,0.0004628064124873411,1.0,0.0,16000,0.0,8.179969787597656,fresh_singlehop_late_seed6,cosine_pre_horizon,5e-06,29499,16000,16000,0.0004628064124873411,0.0004628064124873411,5.707931487087708e-06,5e-06,5.707931487087708e-06,1.7687683232546238e-05,29500,0.001,13500,,,warmup_cosine,6,0,30000,29499,591,runs/behavioral_replication_v0_9/s6/fresh_hop1_s1/fresh_singlehop_late_seed6,0.13566770391949154,0.13527045815677965,0.9709720934851694,0.0,0.1432898569915254,0.1375546212923729,0.139209811970339,0.14221398305084745,1.0,0.0,1.0,0.0,1.7687683232546238e-05,1.0,,,,,,,1100,1150,,,,,300,,,,,,,,,,,,,16250,16250,,,,,300,1100,1150,,,,,300,0.134765625,0.134765625,0.968017578125,0.07794473983813077,0.0,37.181591749191284,0.0173338633030653,0.05253104120492935,1.0,2.0,0.15478515625,0.13818359375,0.13818359375,0.14501953125,1.0,4.2055029236820474e-08,0.0,21.8417387008667,0.013321388512849808,0.05074279010295868,1.0,2.0,1.0,4.077446069672419e-08,0.0,21.870998859405518,0.01333034411072731,0.051096465438604355,1.0,2.0,5.707931487087708e-06,1.0,0.0,29499,1.0,3.818421845380726e-08
,,,,0.8603990342881944,0.8611077202690972,,,,,,,,,,,0.1279296875,0.1396484375,,,,,,,,,,,0.999755859375,0.0006365701324284601,0.99658203125,0.017268239163968246,0.05590709298849106,0.18453745543956757,0.0,3.0,0.001,1.0,0.5,1.0,0.0006999310571700335,35999,,,,,,,,,,,0.142578125,0.14453125,,,,,,,,,,,1.0,1.8038308056134156e-06,0.0,28.50929570198059,0.02832496166229248,0.05190242454409599,3.0,0.0,0.001,1.0,0.5,16000,0.546875,13.314022064208984,late_gate_post_seed6,cosine_history_then_high_lr_rewarm,5e-06,35999,16000,16000,0.001,0.001,0.001,0.001,0.001,0.0010000000000000007,36000,0.001,20000,0.001,16000,warmup_cosine_then_rewarm_constant,6,6000,30000,30000,721,runs/behavioral_replication_v0_9/s6/rewarm_late/late_gate_post_seed6,,,,,0.13947889539930555,0.13441297743055555,,,,,0.9998779296875,0.9955206976996528,0.0010000000000000007,0.9976128472222222,,,,,,,,,,,,,,,,,,,,,,,,,,,,,,,,,3350,3700,26800,28200,28750,30700,26800,,,,,,,,,,,0.140625,0.1318359375,,,,,,,,,,,1.0,0.0005273902297631139,0.9892578125,0.0660216532414779,0.061521805822849274,0.19598552584648132,0.0,3.0,0.001,1.0,0.5,30000,0.9921875,0.02966100163757801
,,,,0.8598802354600694,0.8628607855902777,,,,,,,,,,,0.1298828125,0.150390625,,,,,,,,,,,1.0,0.00032855067865966703,0.999267578125,0.0045047087314742384,0.031938325613737106,0.08365225791931152,1.0,3.0,0.001,1.0,0.5,1.0,0.00017511428450234234,35999,,,,,,,,,,,0.142578125,0.14453125,,,,,,,,,,,1.0,1.2386371224692994e-05,0.0,26.974161028862,0.027843765914440155,0.05156780034303665,3.0,0.0,0.001,1.0,0.5,16000,0.546875,13.314022064208984,late_gate_post_seed6,cosine_history_then_high_lr_rewarm,5e-06,35999,16000,16000,0.001,0.001,0.001,0.001,0.001,0.0010000000000000007,36000,0.001,20000,0.001,16000,warmup_cosine_then_rewarm_constant_reset_optim,6,6000,30000,30000,721,runs/behavioral_replication_v0_9/s6/rewarm_reset_late/late_gate_post_seed6,,,,,0.1396552191840278,0.1357693142361111,,,,,0.9995354546440972,0.9986300998263888,0.0010000000000000007,0.9986436631944444,,,,,,,,,,,,,,,,,,,,,,,,,,,,,,,,,3350,3700,25300,25350,25450,25850,250,,,,,,,,,,,0.1376953125,0.13525390625,,,,,,,,,,,1.0,0.0001543113837101373,0.999267578125,0.0031900576541374903,0.03792642056941986,0.10667987167835236,2.0,3.0,0.001,1.0,0.5,30000,1.0,0.00025515235029160976
,,,,0.8605832891949152,0.022018173993644086,,,,,,,,,,,0.140625,0.1376953125,,,,,,,,,,,0.999755859375,0.0013529508066767448,0.1669921875,2.1517497897148132,0.04614884406328201,0.13280072808265686,3.0,0.0,5.707931487087708e-06,1.0,0.5,0.60546875,1.0610034465789795,29499,,,,,,,,,,,0.14208984375,0.14404296875,,,,,,,,,,,1.0,8.718276554020576e-07,0.0,29.10667383670807,0.02851550653576851,0.05172623693943024,3.0,0.0,0.0004628064124873411,1.0,0.5,16000,0.546875,13.314022064208984,late_gate_post_seed6,cosine_pre_horizon,5e-06,29499,16000,16000,0.0004628064124873411,0.0004628064124873411,5.707931487087708e-06,5e-06,5.707931487087708e-06,1.7687683232546238e-05,29500,0.001,13500,,,warmup_cosine,6,0,30000,29499,591,runs/behavioral_replication_v0_9/s6/s1_late_original/late_gate_post_seed6,,,,,0.1390194650423729,0.1436953787076271,,,,,0.9996027542372882,0.1657135527012712,1.7687683232546238e-05,0.5897775423728814,,,,,,,,,,,,,,,,,,,,,,,,,,,,,,,,,3350,3700,,,,,300,,,,,,,,,,,0.140625,0.1376953125,,,,,,,,,,,0.999755859375,0.0013529508066767448,0.1669921875,2.1517497897148132,0.04614884406328201,0.13280072808265686,3.0,0.0,5.707931487087708e-06,1.0,0.5,29499,0.60546875,1.0610034465789795
,,,,0.8594495985243056,0.05965169270833334,,,,,,,,,,,0.12841796875,0.14306640625,,,,,,,,,,,1.0,0.00011879926341862301,0.210205078125,1.963032715022564,0.03273966908454895,0.12855730950832367,3.0,0.0,5.000001948077038e-06,1.0,0.5,0.5625,1.0407681465148926,35999,,,,,,,,,,,0.14501953125,0.1416015625,,,,,,,,,,,1.0,1.20427400940315e-06,0.0,29.829580187797546,0.029176142066717148,0.049802977591753006,1.0,3.0,0.0006009064556902949,1.0,0.5,16000,0.546875,13.705463409423828,late_gate_post_seed6,cosine_full_horizon,5e-06,35999,16000,16000,0.0006009064556902949,0.0006009064556902949,5.000001948077038e-06,5e-06,5.000001948077038e-06,1.320003705578538e-05,36000,0.001,20000,,,warmup_cosine,6,0,36000,35999,721,runs/behavioral_replication_v0_9/s6/s1_longcos_late/late_gate_post_seed6,,,,,0.14042833116319445,0.14152018229166666,,,,,0.9998779296875,0.201171875,1.320003705578538e-05,0.5976019965277778,,,,,,,,,,,,,,,,,,,,,,,,,,,,,,,,,3400,3450,,,,,300,,,,,,,,,,,0.12841796875,0.14306640625,,,,,,,,,,,1.0,0.00011879926341862301,0.210205078125,1.963032715022564,0.03273966908454895,0.12855730950832367,3.0,0.0,5.000001948077038e-06,1.0,0.5,35999,0.5625,1.0407681465148926
,,,,0.8590189615885417,0.023339165581597238,,,,,,,,,,,0.12646484375,0.1416015625,,,,,,,,,,,0.99951171875,0.0014198547060004785,0.168212890625,2.132803663611412,0.04610644653439522,0.13221777975559235,2.0,0.0,5e-06,1.0,0.5,0.54296875,1.1209545135498047,35999,,,,,,,,,,,0.14208984375,0.14404296875,,,,,,,,,,,1.0,8.718276554020576e-07,0.0,29.10667383670807,0.02851550653576851,0.05172623693943024,3.0,0.0,0.0004628064124873411,1.0,0.5,16000,0.546875,13.314022064208984,late_gate_post_seed6,cosine_final_lr_plateau_extension,5e-06,35999,16000,16000,0.0004628064124873411,0.0004628064124873411,5e-06,5e-06,5e-06,5.000000000000009e-06,36000,0.001,20000,,,warmup_cosine,6,6000,30000,30000,721,runs/behavioral_replication_v0_9/s6/s1_plateau_late/late_gate_post_seed6,,,,,0.1405978732638889,0.1425442165798611,,,,,0.9996168348524306,0.16588338216145834,5.000000000000009e-06,0.5732421875,,,,,,,,,,,,,,,,,,,,,,,,,,,,,,,,,3350,3700,,,,,300,,,,,,,,,,,0.13671875,0.13671875,,,,,,,,,,,0.999267578125,0.002051114431651513,0.172119140625,2.134735092520714,0.045887500047683716,0.12872014939785004,3.0,0.0,5e-06,1.0,0.5,30000,0.6015625,1.0157443284988403
,,,,0.8595479329427084,0.8635016547309028,,,,,,,,,,,0.12939453125,0.14697265625,,,,,,,,,,,1.0,0.0002819112723955186,0.99853515625,0.021142012734344462,0.023534666746854782,0.08009037375450134,3.0,3.0,0.001,1.0,0.5,0.99609375,0.06648952513933182,35999,,,,,,,,,,,0.14501953125,0.13671875,,,,,,,,,,,1.0,8.256751796054118e-06,0.0,26.94442594051361,0.029744083061814308,0.04966763034462929,3.0,0.0,0.001,1.0,0.5,16000,0.546875,12.554368019104004,late_gate_post_seed6,constant_high_lr,5e-06,35999,16000,16000,0.001,0.001,0.001,0.001,0.001,0.0010000000000000007,36000,0.001,20000,,,warmup_constant,6,6000,30000,30000,721,runs/behavioral_replication_v0_9/s6/s2_constant_late/late_gate_post_seed6,,,,,0.1399468315972222,0.13395860460069445,,,,,0.9994947645399306,0.9974602593315972,0.0010000000000000007,0.99853515625,,,,,,,,,,,,,,,,,,,,,,,,,,,,,,,,,3400,3550,25750,26000,26200,27400,250,,,,,,,,,,,0.1396484375,0.1318359375,,,,,,,,,,,0.99951171875,0.0010636603146849666,0.9970703125,0.015014230088127078,0.022628145292401314,0.04110273718833923,3.0,0.0,0.001,1.0,0.5,30000,1.0,0.00042895678780041635
0.8025564420021187,0.0,0.8591349973516949,0.0,0.8585391287076272,0.0,0.1396484375,0.12841796875,0.93359375,0.5363102024421096,0.00048828125,39.228888750076294,0.026509761810302734,0.05250312387943268,3.0,2.0,0.14697265625,0.1513671875,0.1435546875,0.14306640625,1.0,3.172317120103685e-08,0.0,20.58858013153076,0.033372342586517334,0.08055675774812698,1.0,2.0,1.0,3.026798012228937e-08,0.0,20.599114418029785,0.03508717566728592,0.08671952039003372,1.0,2.0,5.707931487087708e-06,1.0,0.0,1.0,2.4680044674596502e-08,29499,0.13427734375,0.1396484375,1.0,6.059416524095695e-08,0.0,20.807008504867554,0.025104420259594917,0.04686420410871506,2.0,3.0,0.0,0.0,0.0,0.0,0.0,7.464542478322983,0.0,7.574934333562851,0.03283600136637688,0.14104661345481873,3.0,0.0,0.0,7.467933386564255,0.0,7.582781255245209,0.03262539952993393,0.13803404569625854,3.0,0.0,0.0004628064124873411,1.0,0.0,16000,0.0,8.846084594726562,fresh_singlehop_late_seed7,cosine_pre_horizon,5e-06,29499,16000,16000,0.0004628064124873411,0.0004628064124873411,5.707931487087708e-06,5e-06,5.707931487087708e-06,1.7687683232546238e-05,29500,0.001,13500,,,warmup_cosine,7,0,30000,29499,591,runs/behavioral_replication_v0_9/s7/fresh_hop1_s1/fresh_singlehop_late_seed7,0.1302304025423729,0.1291793564618644,0.9327868445444916,0.0004179356461864407,0.1414608712923729,0.13878773834745764,0.1408650026483051,0.1398718882415254,1.0,0.0,1.0,0.0,1.7687683232546238e-05,1.0,,,,,,,1000,1050,,,,,300,,,,,,,,,,,,,16300,16300,,,,,300,1000,1050,,,,,300,0.1396484375,0.12841796875,0.93359375,0.5363102024421096,0.00048828125,39.228888750076294,0.026509761810302734,0.05250312387943268,3.0,2.0,0.14697265625,0.1513671875,0.1435546875,0.14306640625,1.0,3.172317120103685e-08,0.0,20.58858013153076,0.033372342586517334,0.08055675774812698,1.0,2.0,1.0,3.026798012228937e-08,0.0,20.599114418029785,0.03508717566728592,0.08671952039003372,1.0,2.0,5.707931487087708e-06,1.0,0.0,29499,1.0,2.4680044674596502e-08
,,,,0.8592258029513888,0.8630405002170138,,,,,,,,,,,0.13525390625,0.13037109375,,,,,,,,,,,0.9990234375,0.0021952255945052457,0.999267578125,0.0029835324039595434,0.0305829755961895,0.05445963516831398,1.0,2.0,0.001,1.0,0.5,0.99609375,0.020952532067894936,35999,,,,,,,,,,,0.125,0.15478515625,,,,,,,,,,,1.0,9.368409514820542e-08,0.0,29.882930159568787,0.03150613233447075,0.05066002532839775,0.0,0.0,0.001,1.0,0.5,16000,0.5,15.938152313232422,late_gate_post_seed7,cosine_history_then_high_lr_rewarm,5e-06,35999,16000,16000,0.001,0.001,0.001,0.001,0.001,0.0010000000000000007,36000,0.001,20000,0.001,16000,warmup_cosine_then_rewarm_constant,7,6000,30000,30000,721,runs/behavioral_replication_v0_9/s7/rewarm_late/late_gate_post_seed7,,,,,0.1404690212673611,0.1361423068576389,,,,,0.99969482421875,0.9991828070746528,0.0010000000000000007,0.9989149305555556,,,,,,,,,,,,,,,,,,,,,,,,,,,,,,,,,4200,4250,23350,23400,23500,23700,300,,,,,,,,,,,0.12353515625,0.13232421875,,,,,,,,,,,0.999755859375,0.0008011515916450662,0.999755859375,0.0012974877499800641,0.029227575287222862,0.0525590144097805,1.0,2.0,0.001,1.0,0.5,30000,1.0,0.00018777442164719105
,,,,0.8586832682291666,0.8635999891493055,,,,,,,,,,,0.142578125,0.13671875,,,,,,,,,,,1.0,1.8383092282192592e-05,0.99853515625,0.005935115967531601,0.0397464781999588,0.08605833351612091,1.0,2.0,0.001,1.0,0.5,1.0,0.0007621671538800001,35999,,,,,,,,,,,0.1259765625,0.15380859375,,,,,,,,,,,1.0,9.070231907770676e-07,0.0,28.753864288330078,0.03139384463429451,0.051095787435770035,0.0,0.0,0.001,1.0,0.5,16000,0.5,15.938152313232422,late_gate_post_seed7,cosine_history_then_high_lr_rewarm,5e-06,35999,16000,16000,0.001,0.001,0.001,0.001,0.001,0.0010000000000000007,36000,0.001,20000,0.001,16000,warmup_cosine_then_rewarm_constant_reset_optim,7,6000,30000,30000,721,runs/behavioral_replication_v0_9/s7/rewarm_reset_late/late_gate_post_seed7,,,,,0.14106580946180555,0.13564046223958334,,,,,0.9997490776909722,0.9992404513888888,0.0010000000000000007,0.9994574652777778,,,,,,,,,,,,,,,,,,,,,,,,,,,,,,,,,4200,4250,23500,23500,23550,23700,300,,,,,,,,,,,0.1328125,0.1318359375,,,,,,,,,,,0.99951171875,0.002782424138558781,0.998291015625,0.02394543283207895,0.04135744273662567,0.10488545894622803,1.0,3.0,0.001,1.0,0.5,30000,1.0,8.47399205667898e-05
,,,,0.859569484904661,0.038061109639830504,,,,,,,,,,,0.1279296875,0.14501953125,,,,,,,,,,,1.0,0.000245569321577932,0.180908203125,2.018296517431736,0.03679414093494415,0.10814332962036133,0.0,0.0,5.707931487087708e-06,1.0,0.5,0.63671875,0.9617774486541748,29499,,,,,,,,,,,0.125,0.15478515625,,,,,,,,,,,1.0,4.1705631170785296e-08,0.0,30.337514877319336,0.03155064582824707,0.050461478531360626,0.0,0.0,0.0004628064124873411,1.0,0.5,16000,0.5,15.938152313232422,late_gate_post_seed7,cosine_pre_horizon,5e-06,29499,16000,16000,0.0004628064124873411,0.0004628064124873411,5.707931487087708e-06,5e-06,5.707931487087708e-06,1.7687683232546238e-05,29500,0.001,13500,,,warmup_cosine,7,0,30000,29499,591,runs/behavioral_replication_v0_9/s7/s1_late_original/late_gate_post_seed7,,,,,0.14033534163135594,0.14329813294491525,,,,,0.999904826536017,0.18135924258474576,1.7687683232546238e-05,0.5991128177966102,,,,,,,,,,,,,,,,,,,,,,,,,,,,,,,,,4200,4250,,,,,300,,,,,,,,,,,0.1279296875,0.14501953125,,,,,,,,,,,1.0,0.000245569321577932,0.180908203125,2.018296517431736,0.03679414093494415,0.10814332962036133,0.0,0.0,5.707931487087708e-06,1.0,0.5,29499,0.63671875,0.9617774486541748
,,,,0.8585001627604166,0.07147555881076387,,,,,,,,,,,0.14404296875,0.1572265625,,,,,,,,,,,1.0,0.0009016854755827808,0.208984375,1.8820259645581245,0.026983371004462242,0.07735815644264221,1.0,0.0,5.000001948077038e-06,1.0,0.5,0.58984375,1.0091979503631592,35999,,,,,,,,,,,0.12890625,0.16162109375,,,,,,,,,,,1.0,8.6622268860026e-06,0.0,28.933610200881958,0.029043912887573242,0.046567417681217194,3.0,3.0,0.0006009064556902949,1.0,0.5,16000,0.5,15.149761199951172,late_gate_post_seed7,cosine_full_horizon,5e-06,35999,16000,16000,0.0006009064556902949,0.0006009064556902949,5.000001948077038e-06,5e-06,5.000001948077038e-06,1.320003705578538e-05,36000,0.001,20000,,,warmup_cosine,7,0,36000,35999,721,runs/behavioral_replication_v0_9/s7/s1_longcos_late/late_gate_post_seed7,,,,,0.14137776692708334,0.1420355902777778,,,,,0.9998779296875,0.21351114908854166,1.320003705578538e-05,0.6111111111111112,,,,,,,,,,,,,,,,,,,,,,,,,,,,,,,,,4250,4400,,,,,300,,,,,,,,,,,0.14404296875,0.1572265625,,,,,,,,,,,1.0,0.0009016854755827808,0.208984375,1.8820259645581245,0.026983371004462242,0.07735815644264221,1.0,0.0,5.000001948077038e-06,1.0,0.5,35999,0.58984375,1.0091979503631592
,,,,0.8578389485677084,0.03953721788194445,,,,,,,,,,,0.14892578125,0.1494140625,,,,,,,,,,,1.0,0.0002068183182473149,0.179443359375,2.0163522362709045,0.0369969978928566,0.11168728023767471,0.0,0.0,5e-06,1.0,0.5,0.5390625,1.1116942167282104,35999,,,,,,,,,,,0.125,0.15478515625,,,,,,,,,,,1.0,4.1705631170785296e-08,0.0,30.337514877319336,0.03155064582824707,0.050461478531360626,0.0,0.0,0.0004628064124873411,1.0,0.5,16000,0.5,15.938152313232422,late_gate_post_seed7,cosine_final_lr_plateau_extension,5e-06,35999,16000,16000,0.0004628064124873411,0.0004628064124873411,5e-06,5e-06,5e-06,5.000000000000009e-06,36000,0.001,20000,,,warmup_cosine,7,6000,30000,30000,721,runs/behavioral_replication_v0_9/s7/s1_plateau_late/late_gate_post_seed7,,,,,0.1420355902777778,0.14211018880208334,,,,,0.9998745388454862,0.1816474066840278,5.000000000000009e-06,0.595703125,,,,,,,,,,,,,,,,,,,,,,,,,,,,,,,,,4200,4250,,,,,300,,,,,,,,,,,0.13232421875,0.1357421875,,,,,,,,,,,0.999755859375,0.0014800540484429803,0.188232421875,2.023077093064785,0.036859363317489624,0.10822790116071701,0.0,0.0,5e-06,1.0,0.5,30000,0.5703125,1.055083990097046
,,,,0.8594767252604166,0.8647528754340278,,,,,,,,,,,0.1455078125,0.1337890625,,,,,,,,,,,0.999755859375,0.00032513255371213745,0.998779296875,0.008244749276968832,0.0278682429343462,0.05853133648633957,2.0,3.0,0.001,1.0,0.5,1.0,4.27638333349023e-05,35999,,,,,,,,,,,0.130859375,0.150390625,,,,,,,,,,,0.99951171875,0.0008693434983797488,0.0,26.757371306419373,0.029057135805487633,0.04655347391963005,1.0,3.0,0.001,1.0,0.5,16000,0.5,13.863809585571289,late_gate_post_seed7,constant_high_lr,5e-06,35999,16000,16000,0.001,0.001,0.001,0.001,0.001,0.0010000000000000007,36000,0.001,20000,,,warmup_constant,7,6000,30000,30000,721,runs/behavioral_replication_v0_9/s7/s2_constant_late/late_gate_post_seed7,,,,,0.14033338758680555,0.13448079427083334,,,,,0.9998101128472222,0.9992336697048612,0.0010000000000000007,0.9996744791666666,,,,,,,,,,,,,,,,,,,,,,,,,,,,,,,,,4350,4400,22950,23000,23050,23350,300,,,,,,,,,,,0.1259765625,0.130859375,,,,,,,,,,,0.999755859375,0.00031988623675260897,0.999755859375,0.0013201660285631078,0.02540939301252365,0.06040778383612633,2.0,3.0,0.001,1.0,0.5,30000,1.0,0.00015537520812358707
